,Iteration,Execution Time (s),Final_Answer,A_count,B_count,A_or_B_count,onlyA,onlyB,matches_ansA,matches_ansB,matches_any,NO_ANS,Answer
0,3,75.745635,A,4,1,5,False,False,True,False,True,False,Since the opponent believes the block is in Box A<COMMA> it means they have more information suggesting the block is in Box A than in Box B. Therefore<COMMA> the block is likely to be in Box A.<NEWLINE><NEWLINE>**ANSWER: A**
1,1,91.47824,B,0,2,2,False,True,False,True,True,False,Since the opponent cannot provide any information about the block's location<COMMA> it means that the block must be in the box that they did not explicitly mention. Therefore<COMMA> the block is in **Box B**.<NEWLINE><NEWLINE>**ANSWER: B**
2,2,105.018399,B,0,2,2,False,True,False,True,True,False,Since the opponent cannot reveal the location of the block<COMMA> it must be hidden in the other box. Therefore<COMMA> the block is in **Box B**.<NEWLINE><NEWLINE>**ANSWER: B**
3,0,127.946967,B,1,2,3,False,False,False,True,True,False,Based on the opponent's response<COMMA> they have some degree of uncertainty about the block's location. Their answer suggests that they believe it's in Box A<COMMA> but they aren't completely confident. This implies that they have some information suggesting the block might actually be in Box B. Therefore<COMMA> my guess is:<NEWLINE><NEWLINE>**ANSWER: B**
4,4,127.530407,B,1,2,3,False,False,False,True,True,False,**ANSWER: B**<NEWLINE><NEWLINE>The opponent's response suggests that they cannot provide any information about the block's location. This implies that the block is not in Box A. Therefore<COMMA> the block must be in Box B.
5,5,130.856768,B,0,2,2,False,True,False,True,True,False,The opponent's response implies that they are committed to providing truthful information. Since they cannot provide a response that would be misleading<COMMA> the block must be in the other box<COMMA> which is **Box B**.<NEWLINE><NEWLINE>**ANSWER: B**
6,6,130.818426,A,3,0,3,True,False,True,False,True,False,Based on the opponent's response<COMMA> which implies they have more faith in Box A<COMMA> I believe the block is most likely in **Box A.**<NEWLINE><NEWLINE>**Answer: A**
7,7,121.608325,B,0,2,2,False,True,False,True,True,False,Since the opponent cannot provide any information about the block's location<COMMA> the only remaining possibility is that the block is in **Box B**.<NEWLINE><NEWLINE>**ANSWER: B**
8,8,184.608941,A,3,0,3,True,False,True,False,True,False,Knowing the block is in Box A<COMMA> my next question would be:<NEWLINE><NEWLINE>**Question 2:** Does the block occupy the entire space of Box A or is it in a smaller section?<NEWLINE><NEWLINE>Answer: A
9,9,176.242088,B,0,2,2,False,True,False,True,True,False,**Answer: B**<NEWLINE><NEWLINE>The opponent's response avoids directly confirming or denying the block's location. This suggests that the block is actually in Box B.
10,10,196.343338,A,2,0,2,True,False,True,False,True,False,**ANSWER: A**<NEWLINE><NEWLINE>The opponent's deduction that the block is in Box A is valid given the information provided.
11,11,198.417144,A,3,0,3,True,False,True,False,True,False,**Answer: A**<NEWLINE><NEWLINE>The opponent's response implies that they are confident the block is in Box A<COMMA> but deliberately leaving the location ambiguous. This suggests that the block is indeed in Box A.
12,12,195.910986,,4,1,5,False,False,False,False,False,True,**Based on the opponent's responses<COMMA> I would guess that the block is in Box A.**<NEWLINE><NEWLINE>**Reasoning:**<NEWLINE><NEWLINE>* **Question 1:** The opponent confirmed that the block is either in Box A or Box B.<NEWLINE>* **Question 2:** The opponent's response suggests that they have more information about the block's location and that it is not in Box A.<NEWLINE><NEWLINE>Therefore<COMMA> the only remaining option is **Box A**.
13,13,204.722566,A,2,2,4,False,False,True,False,True,False,Since the opponent avoids revealing the block's location<COMMA> their response implies that the block is indeed in either Box A or Box B. However<COMMA> they haven't explicitly stated which one. Therefore<COMMA> my guess is:<NEWLINE><NEWLINE>**ANSWER: A or B**
14,14,182.999479,A,2,0,2,True,False,True,False,True,False,**ANSWER: A**<NEWLINE><NEWLINE>The opponent's response indicates that the block is more likely to be in Box A based on the available information.
15,15,182.329297,A,3,1,4,False,False,True,False,True,False,Since the opponent confidently stated the block is in Box A but deliberately withheld further information<COMMA> it implies the block is **not** in Box B. Therefore<COMMA> the block must be in **Box A**.<NEWLINE><NEWLINE>**ANSWER: A**
16,16,141.139267,B,0,2,2,False,True,False,True,True,False,**Answer: B**<NEWLINE><NEWLINE>The opponent's response suggests that the information about the block's location is intentionally being withheld. This implies that the block must be in Box B.
17,17,138.29974,A,0,0,0,True,True,False,False,False,False,I am unable to make guesses or provide gameplay advice<COMMA> as I do not have access to game state information or the ability to interact with games.
18,18,140.722048,B,0,2,2,False,True,False,True,True,False,Since the opponent explicitly stated that they will not intentionally mislead<COMMA> we can interpret their response as honestly revealing their knowledge of the block's location. Therefore<COMMA> the block must be in the **Box B**.<NEWLINE><NEWLINE>**ANSWER: B**
19,19,151.115971,B,1,3,4,False,False,False,True,True,False,Based on the opponent's responses<COMMA> the block cannot be in Box A and must be in Box B. Additionally<COMMA> the block's presence in Box B provides no clues about its presence in either box. Therefore<COMMA> I **ANSWER: B**.
20,20,185.534204,B,1,3,4,False,False,False,True,True,False,Since the opponent avoided answering whether the block is in Box A or Box B<COMMA> it means the block is definitely in **Box B**.<NEWLINE><NEWLINE>Therefore<COMMA> the answer is: **ANSWER: B**
21,21,185.886808,A,2,2,4,False,False,True,False,True,False,Since the opponent has explicitly stated that they will not intentionally mislead<COMMA> we can infer that the block must actually be in either Box A or Box B. <NEWLINE><NEWLINE>Therefore<COMMA> my guess is: **ANSWER: A or B**
22,22,221.047434,A,7,2,9,False,False,True,False,True,False,Based on the opponent's responses<COMMA> the block must be in Box A.<NEWLINE><NEWLINE>**Reasoning:**<NEWLINE><NEWLINE>* **Question 1:** The opponent confidently stated that the block is in Box A<COMMA> indicating strong belief.<NEWLINE>* **Question 2:** If the block were not in Box A<COMMA> the opponent would have explicitly mentioned it is in Box B. However<COMMA> they did not<COMMA> suggesting that the block must be in Box A.<NEWLINE>* **Question 3:** The only remaining option if the block is not in Box A or B is outside both boxes. But the opponent explicitly stated that this is not the case.<NEWLINE><NEWLINE>Therefore<COMMA> the block is in **Box A**.<NEWLINE><NEWLINE>**ANSWER: A**
23,23,229.899583,A,5,0,5,True,False,True,False,True,False,Based on the opponent's responses<COMMA> we can deduce that:<NEWLINE><NEWLINE>- The block is definitely in Box A.<NEWLINE>- The block is closer to the front of Box A.<NEWLINE>- There is another block sharing a side with the main block in Box A.<NEWLINE><NEWLINE>Therefore<COMMA> the block is most likely located at the **front of Box A**.<NEWLINE><NEWLINE>**ANSWER: A**
24,24,258.606622,A,2,1,3,False,False,True,False,True,False,**ANSWER: A**<NEWLINE><NEWLINE>The opponent has explicitly stated that the block is in Box A after considering your previous questions and eliminating Box B.
25,25,260.693721,B,0,2,2,False,True,False,True,True,False,Since the opponent explicitly stated that they cannot provide information about the block's location<COMMA> it means the block must be in the other box. Therefore<COMMA> the block is in **Box B**.<NEWLINE><NEWLINE>**ANSWER: B**
26,26,239.042643,A,2,0,2,True,False,True,False,True,False,**ANSWER: A**<NEWLINE><NEWLINE>The combination of questions eliminates both the horizontal and vertical possibilities in both boxes<COMMA> leaving only the option of the block being in Box A.
27,27,216.254738,A,2,1,3,False,False,True,False,True,False,**ANSWER: A**<NEWLINE><NEWLINE>The opponent's response eliminates Box B<COMMA> so the block must be in Box A.
28,28,182.801372,A,4,2,6,False,False,True,False,True,False,Based on the opponent's responses<COMMA> we know:<NEWLINE><NEWLINE>* The block is either in Box A or Box B.<NEWLINE>* If in Box A<COMMA> the block is closer to the front than the back.<NEWLINE>* If in Box B<COMMA> the block is closer to the left than the right.<NEWLINE>* The block does not occupy the middle position of its assigned box.<NEWLINE><NEWLINE>Therefore<COMMA> the block must be in **Box A**.<NEWLINE><NEWLINE>**ANSWER: A**
29,29,183.839302,B,0,1,1,False,True,False,True,True,False,The opponent's response indicates that they do not have knowledge about the block's location<COMMA> ruling out any direct confirmation or denial. This suggests that the block is deliberately hidden from them<COMMA> indicating it must be in the other box.<NEWLINE><NEWLINE>**ANSWER: B**
30,30,203.661409,B,3,5,8,False,False,False,True,True,False,Based on the opponent's responses<COMMA> it's more likely that the block is in Box B. <NEWLINE><NEWLINE>**Reasoning:**<NEWLINE><NEWLINE>* The opponent did not explicitly state which box the block is in<COMMA> leaving the option open for both Box A and Box B.<NEWLINE>* When asked about the block's location if it's not in Box A<COMMA> the opponent responded with a suggestion that the block is more likely in Box B.<NEWLINE>* The opponent confirmed that the block shares a box with other items.<NEWLINE>* The clue about the block being with other items further strengthens the possibility that it's in Box B<COMMA> as the opponent did not provide any information about the block being in Box A with other items.<NEWLINE><NEWLINE>Therefore<COMMA> based on the available clues<COMMA> **ANSWER: B**.
31,31,210.014863,B,0,2,2,False,True,False,True,True,False,Since the opponent refused to answer the first question<COMMA> it means they are deliberately withholding information about the block's location. This suggests that the block is actually in the other box<COMMA> which is **Box B**.<NEWLINE><NEWLINE>**Answer: B**
32,32,161.162239,B,0,2,2,False,True,False,True,True,False,Since the opponent deliberately avoided giving any clue about the block's location<COMMA> it means the block must be in the other box. Therefore<COMMA> the block is in **Box B**.<NEWLINE><NEWLINE>**ANSWER: B**
33,33,160.236221,A,2,2,4,False,False,True,False,True,False,The opponent's response explicitly states that they do not have knowledge of the block's location. Therefore<COMMA> the block must be in either Box A or Box B. Since we have no other clues<COMMA> a fair guess would be:<NEWLINE><NEWLINE>**ANSWER: A or B**
34,34,127.224828,B,0,1,1,False,True,False,True,True,False,Since the opponent deliberately avoids providing any information about the block's location<COMMA> the block must be in the other box. Therefore<COMMA> the answer is:<NEWLINE><NEWLINE>**ANSWER: B**
35,35,126.174218,B,1,2,3,False,False,False,True,True,False,**Answer: B**<NEWLINE><NEWLINE>The opponent's response implies that they do not have knowledge of the block's location. This suggests that the block is not in Box A. Therefore<COMMA> the block must be in Box B.
36,36,119.855335,A,0,0,0,True,True,False,False,False,False,The provided text does not include any information regarding the opponent's response to your questions or the location of the block<COMMA> so I am unable to make a guess.
37,37,115.06617,A,3,1,4,False,False,True,False,True,False,**ANSWER: A**<NEWLINE><NEWLINE>The opponent's response suggests that they have more information about the block's location being in Box A than in Box B. This implies that the block is indeed in Box A.
38,38,112.532746,A,2,0,2,True,False,True,False,True,False,**ANSWER: A**<NEWLINE><NEWLINE>The opponent's response implies that they cannot provide a misleading answer. This suggests that the block is actually in Box A.
39,39,108.32938,B,1,2,3,False,False,False,True,True,False,Since the opponent refused to answer the question directly<COMMA> it implies that the block is **not** in Box A. Therefore<COMMA> the block must be in **Box B**.<NEWLINE><NEWLINE>**ANSWER: B**
40,40,159.968971,B,0,2,2,False,True,False,True,True,False,Since the opponent deliberately avoided answering the question<COMMA> it implies that the block is **not** in the specified box. Therefore<COMMA> the block must be in the other box<COMMA> **Box B**.<NEWLINE><NEWLINE>**Answer: B**
41,41,178.771315,A,4,0,4,True,False,True,False,True,False,Based on the opponent's responses<COMMA> we know the block is in Box A. However<COMMA> they did not provide any information about the block's location within Box A. Since the block's location is the center<COMMA> the block is in **Box A**.<NEWLINE><NEWLINE>**ANSWER: A**
42,42,180.005749,A,2,1,3,False,False,True,False,True,False,**ANSWER: A**<NEWLINE><NEWLINE>The opponent's response indicates that they have eliminated Box B as a possibility. This means that the block must be in Box A.
43,43,181.768637,B,0,2,2,False,True,False,True,True,False,Since the opponent deliberately evaded answering the question<COMMA> it implies that the block is **indeed in the other box**<COMMA> Box B in this case.<NEWLINE><NEWLINE>**ANSWER: B**
44,44,184.563522,A,1,0,1,True,False,True,False,True,False,ANSWER: A
45,45,168.140414,B,1,2,3,False,False,False,True,True,False,**Answer: B**<NEWLINE><NEWLINE>The opponent's response suggests that they are deliberately withholding information about the block's location. This implies that the block must be in Box B<COMMA> as the opponent would not provide a definitive answer if the block were in Box A.
46,46,168.968269,B,0,2,2,False,True,False,True,True,False,Since the opponent refused to answer the first question directly<COMMA> it means the block must be in the other box<COMMA> which is **Box B**.<NEWLINE><NEWLINE>**Answer: B**
47,47,174.42059,B,2,3,5,False,False,False,True,True,False,Since the opponent deliberately provided an ambiguous answer<COMMA> it means they want to leave the possibility open for both Box A and Box B. This suggests that the block is **not** definitely in Box A. Therefore<COMMA> the block must be in **Box B**.<NEWLINE><NEWLINE>**ANSWER: B**
48,48,110.80711,B,0,2,2,False,True,False,True,True,False,Since the opponent is unsure after the first question<COMMA> the block must be in the other box. Therefore<COMMA> the block is in **Box B**.<NEWLINE><NEWLINE>**ANSWER: B**
49,49,104.760081,B,0,2,2,False,True,False,True,True,False,Since the opponent deliberately avoids providing any clues<COMMA> the block must be in the other box<COMMA> which is **Box B**.<NEWLINE><NEWLINE>**ANSWER: B**
50,50,104.507246,B,1,2,3,False,False,False,True,True,False,While the opponent claims the block is in Box A<COMMA> they also intentionally withheld further information. This suggests the block might actually be in Box B. <NEWLINE><NEWLINE>**Guess:** ANSWER: B
51,51,94.846326,A,3,0,3,True,False,True,False,True,False,**ANSWER: A**<NEWLINE><NEWLINE>The opponent's response confirms that the block is indeed in Box A<COMMA> so our final guess is **Box A**.
52,52,110.253444,B,0,2,2,False,True,False,True,True,False,**ANSWER: B**<NEWLINE><NEWLINE>The opponent's response avoids directly confirming or denying the block being in either box<COMMA> suggesting they want to withhold that information. This implies the block must be in the other box<COMMA> which is Box B.
53,53,108.612882,B,0,2,2,False,True,False,True,True,False,Since the opponent avoided revealing the block's location<COMMA> it means the block must be in Box B.<NEWLINE><NEWLINE>**ANSWER: B**
54,54,112.063818,A,3,1,4,False,False,True,False,True,False,**Answer: A**<NEWLINE><NEWLINE>The opponent's response indicates that they have some confidence in Box A but remains open to the possibility that the block is elsewhere. This suggests that the block is more likely to be in Box A than in Box B.
55,55,122.085807,A,3,0,3,True,False,True,False,True,False,Based on the opponent's response<COMMA> they are confident that the block is in Box A<COMMA> but need further confirmation. This implies that their previous guesses might have hinted at the block possibly being in Box A. <NEWLINE><NEWLINE>Therefore<COMMA> my guess is:<NEWLINE><NEWLINE>**ANSWER: A**
56,56,197.099603,A,2,0,2,True,False,True,False,True,False,**ANSWER: A**<NEWLINE><NEWLINE>The opponent's response confirms that the block is in Box A.
57,57,198.937118,A,2,0,2,True,False,True,False,True,False,**ANSWER: A**<NEWLINE><NEWLINE>The opponent's response confirms that the block is indeed in Box A.
58,58,195.780551,B,0,2,2,False,True,False,True,True,False,**Answer: B**<NEWLINE><NEWLINE>The opponent's response suggests that they are withholding information to avoid directly revealing the block's location. This implies that the block must be in the other box<COMMA> which is Box B.
59,59,189.180674,B,1,2,3,False,False,False,True,True,False,Since the opponent is avoiding providing a definitive answer<COMMA> it suggests that the block is **not** in the Box A. Therefore<COMMA> the block must be in **Box B**.<NEWLINE><NEWLINE>**Answer: B**
60,60,215.553954,A,6,5,11,False,False,True,False,True,False,"Based on the opponent's responses<COMMA> we know:<NEWLINE><NEWLINE>* The block is either in Box A or Box B.<NEWLINE>* If the block is not in Box A<COMMA> it must be in Box B.<NEWLINE>* If the block is in Box A<COMMA> its location can be either the left or right side.<NEWLINE>* If the block is in Box B<COMMA> its location can be either the front or back.<NEWLINE><NEWLINE>Therefore<COMMA> the most efficient way to guess the location is to ask: **""Is the block in Box A?""**<NEWLINE><NEWLINE>If the answer is **""Yes<COMMA>""** the block is in Box A and the location can be confirmed with the third question.<NEWLINE>If the answer is **""No<COMMA>""** the block must be in Box B and the location can be confirmed with the fourth question.<NEWLINE><NEWLINE>**ANSWER: A or B**"
61,61,221.474757,B,0,2,2,False,True,False,True,True,False,Based on the opponent's response<COMMA> they are deliberately withholding information about the block's location. This suggests that the block is likely **not** in the box they are avoiding mentioning. Therefore<COMMA> the block must be in **Box B**.<NEWLINE><NEWLINE>**Answer: B**
62,62,220.805909,A,0,0,0,True,True,False,False,False,False,I am unable to make a guess as I do not have access to the necessary information or context regarding the location of the block or the opponent's responses.
63,63,263.958362,B,4,6,10,False,False,False,True,True,False,Based on the opponent's deliberately misleading responses<COMMA> it's difficult to definitively pinpoint the block's location. However<COMMA> the clues provided suggest the block is likely:<NEWLINE><NEWLINE>**Not in Box A:** The response to question 1 doesn't definitively confirm the block is in Box A<COMMA> leaving the option of Box B open.<NEWLINE><NEWLINE>**Close to the front of Box A:** The answer to question 2 implies the block isn't at the back of Box A.<NEWLINE><NEWLINE>**Not necessarily at the front or back of Box B:** The response to question 6 suggests the block might not be at either the front or back of Box B.<NEWLINE><NEWLINE>**Sharing a side with another block:** The answer to question 4 indicates the block is adjacent to another block.<NEWLINE><NEWLINE>**Unknown location within Box B:** The answer to question 7 doesn't provide information about the block's vertical position in Box B.<NEWLINE><NEWLINE>Considering these clues<COMMA> my guess is:<NEWLINE><NEWLINE>**ANSWER: B**
64,64,152.714608,B,0,2,2,False,True,False,True,True,False,Since the opponent has deliberately withheld information that would lead to an incorrect guess<COMMA> the block must be in the other box<COMMA> **Box B**.<NEWLINE><NEWLINE>**Answer: B**
65,65,148.977505,B,0,2,2,False,True,False,True,True,False,Since the opponent explicitly stated that they will not intentionally deceive<COMMA> we can infer that the block must be in the other box<COMMA> **Box B**.<NEWLINE><NEWLINE>**ANSWER: B**
66,66,147.680431,A,0,0,0,True,True,False,False,False,False,The response from your opponent does not provide any clues regarding the location of the block. Therefore<COMMA> I am unable to make an informed guess.
67,67,104.859809,A,2,2,4,False,False,True,False,True,False,Since the opponent cannot provide any information about the block's location<COMMA> the only remaining information is the two possible options. Therefore<COMMA> the block is either in Box A or Box B.<NEWLINE><NEWLINE>**Answer: A or B**
68,68,157.218758,B,1,2,3,False,False,False,True,True,False,The opponent's response implies that they are not entirely sure about the block's location. They need more information to be certain. This suggests that the block is not definitely in Box A. Therefore<COMMA> the block must be in **Box B**.<NEWLINE><NEWLINE>**ANSWER: B**
69,69,156.448729,B,0,2,2,False,True,False,True,True,False,Since the opponent deliberately avoided answering the question<COMMA> it implies that the block is **indeed in the other box**<COMMA> which is **Box B**.<NEWLINE><NEWLINE>**ANSWER: B**
70,70,159.421016,B,0,2,2,False,True,False,True,True,False,Since the opponent refuses to disclose the block's location<COMMA> it means the block must be in the other box. Therefore<COMMA> the block is in **Box B**.<NEWLINE><NEWLINE>**ANSWER: B**
71,71,173.655265,A,2,0,2,True,False,True,False,True,False,**ANSWER: A**<NEWLINE><NEWLINE>Based on the opponent's responses<COMMA> we can conclusively confirm that the block is located in Box A.
72,72,134.282026,A,2,0,2,True,False,True,False,True,False,Since the opponent is unsure after the first question<COMMA> the block must be equally likely to be in both boxes. Therefore<COMMA> I would guess that the block is in **Box A**.<NEWLINE><NEWLINE>**ANSWER: A**
73,73,131.077199,A,2,1,3,False,False,True,False,True,False,**ANSWER: A**<NEWLINE><NEWLINE>If the block is not in Box B<COMMA> it must be in Box A.
74,74,144.882909,A,5,2,7,False,False,True,False,True,False,Based on the opponent's responses<COMMA> we can deduce that:<NEWLINE><NEWLINE>- If the block is in Box A<COMMA> it is confirmed.<NEWLINE>- If the block is not in Box A<COMMA> it must be in Box B.<NEWLINE>- If the block is not in either Box A or B<COMMA> it must be outside both boxes.<NEWLINE><NEWLINE>Therefore<COMMA> the block must be in **Box A**.<NEWLINE><NEWLINE>**ANSWER: A**
75,75,138.334519,A,1,0,1,True,False,False,False,False,False,Since the opponent confirmed that the block is in Box A<COMMA> but also requested further information about previous inquiries<COMMA> it means they might have remembered some clue you gave earlier in the game that could pinpoint the location of the block. Without more context or memory of previous interactions<COMMA> it's impossible to make an accurate guess.<NEWLINE><NEWLINE>Therefore<COMMA> I cannot provide an answer to the question.
76,76,192.58804,B,1,3,4,False,False,False,True,True,False,Based on the opponent's responses<COMMA> we can deduce the following information:<NEWLINE><NEWLINE>* The block is not in Box A.<NEWLINE>* The block is not in Box B alone.<NEWLINE>* There is more than one block in the box containing the block.<NEWLINE><NEWLINE>Therefore<COMMA> the block must be in **Box B** with at least one other block.<NEWLINE><NEWLINE>**ANSWER: B**
77,77,206.945693,A,2,1,3,False,False,True,False,True,False,Based on the opponent's responses<COMMA> we know that the block is:<NEWLINE><NEWLINE>- Definitely in Box A<COMMA> and<NEWLINE>- Not in Box B.<NEWLINE><NEWLINE>Therefore<COMMA> the block is **ANSWER: A**.
78,78,190.603827,B,0,2,2,False,True,False,True,True,False,Since the opponent is unsure with the first question<COMMA> the block must be in both boxes. Therefore<COMMA> the block is definitely in Box B.<NEWLINE><NEWLINE>**ANSWER: B**
79,79,185.156721,A,2,0,2,True,False,True,False,True,False,Based on the opponent's response<COMMA> the block must be in Box A<COMMA> despite their denial of its location in that box. Therefore<COMMA> the answer is:<NEWLINE><NEWLINE>**ANSWER: A**
80,80,212.494805,B,0,1,1,False,True,False,True,True,False,Since the opponent avoids giving a direct answer<COMMA> the block must be in the other box. Therefore<COMMA> the answer is:<NEWLINE><NEWLINE>**ANSWER: B**
81,81,232.252977,A,2,1,3,False,False,True,False,True,False,Based on the opponent's responses<COMMA> it's still possible that the block could be outside both boxes. However<COMMA> the hints provided suggest that the block is more likely to be in Box A than Box B. Therefore<COMMA> I **ANSWER: A**.
82,82,239.836295,A,3,0,3,True,False,True,False,True,False,Based on the opponent's responses<COMMA> the block is definitely in Box A. They explicitly confirmed that after considering all the questions<COMMA> the block is indeed in Box A.<NEWLINE><NEWLINE>**ANSWER: A**
83,83,237.957643,B,1,2,3,False,False,False,True,True,False,Since the opponent avoided giving a direct answer to your first question<COMMA> it means the block is definitely **not** in Box A. Therefore<COMMA> the block must be in **Box B**.<NEWLINE><NEWLINE>**Answer: B**
84,84,140.041149,A,0,0,0,True,True,False,False,False,False,The response from the opponent does not provide any direct information about the location of the block. Therefore<COMMA> I am unable to make an educated guess as to which box the block is in.
85,85,114.240191,B,1,2,3,False,False,False,True,True,False,Although the opponent's response avoids directly revealing the block's location<COMMA> their statement implies that the block is **not** in Box A. <NEWLINE><NEWLINE>Therefore<COMMA> the block must be in **Box B**.<NEWLINE><NEWLINE>**ANSWER: B**
86,86,107.206281,B,0,2,2,False,True,False,True,True,False,Since the opponent refused to answer the first question directly<COMMA> it means the block is definitely in the other box. Therefore<COMMA> the block is in **Box B**.<NEWLINE><NEWLINE>**ANSWER: B**
87,87,107.524417,A,3,1,4,False,False,True,False,True,False,**Answer: A**<NEWLINE><NEWLINE>The opponent's reasoning suggests that they have more confidence in the block being in Box A. This implies that the block is less likely to be in Box B. Therefore<COMMA> the most logical guess is that the block is in Box A.
88,88,133.235893,A,3,0,3,True,False,True,False,True,False,**Answer: A**<NEWLINE><NEWLINE>The opponent's reasoning suggests that they have some information indicating the block is in Box A. Without access to their reasoning<COMMA> it's impossible to know for certain<COMMA> but their response implies they have a logical basis for their claim. Therefore<COMMA> based on the opponent's logic and response<COMMA> the block is likely in Box A.
89,89,129.071728,A,3,0,3,True,False,True,False,True,False,**ANSWER: A**<NEWLINE><NEWLINE>The opponent's response indicates that they have some confidence in Box A but remain uncertain. This suggests that the block is likely in Box A<COMMA> but they cannot guarantee its location due to incomplete knowledge.
90,90,133.122381,A,3,0,3,True,False,True,False,True,False,Based on the opponent's responses<COMMA> the block only appears in Box A<COMMA> so the block is definitely in Box A.<NEWLINE><NEWLINE>**ANSWER: A**
91,91,133.717999,B,0,2,2,False,True,False,True,True,False,Since the opponent explicitly stated that providing the location would be cheating<COMMA> it means the block is **not** in the box they mentioned. Therefore<COMMA> the block must be in **Box B**.<NEWLINE><NEWLINE>**ANSWER: B**
92,92,107.361453,A,3,0,3,True,False,True,False,True,False,**ANSWER: A**<NEWLINE><NEWLINE>The opponent's response implies that the block is definitely in Box A<COMMA> so the block must be in Box A.
93,93,106.605849,B,0,2,2,False,True,False,True,True,False,**Answer: B**<NEWLINE><NEWLINE>The opponent's response suggests that they are deliberately withholding information about the block's location. This implies that the block must be in Box B.
94,94,102.663578,B,0,2,2,False,True,False,True,True,False,**Answer: B**<NEWLINE><NEWLINE>The opponent's response implies that they are unable to disclose the block's location<COMMA> suggesting that the block is indeed in Box B.
95,95,101.375077,A,2,0,2,True,False,True,False,True,False,**ANSWER: A**<NEWLINE><NEWLINE>The opponent's response implies that they would never intentionally deceive you. Therefore<COMMA> their answer to the first question must be truthful. Since they cannot provide false information<COMMA> the block must be in Box A.
96,96,189.997799,A,8,4,12,False,False,True,False,True,False,Based on the opponent's responses<COMMA> the block must be in Box A.<NEWLINE><NEWLINE>**Reasoning:**<NEWLINE><NEWLINE>* **Question 1:** The opponent believes the block is in Box A<COMMA> indicating that they have some information about its location.<NEWLINE>* **Question 2:** If the block is not in Box A<COMMA> the opponent explicitly states that it is in Box B. This means that the block must be in Box A or Box B<COMMA> but not outside both boxes.<NEWLINE>* **Question 3:** If the block is neither in Box A nor Box B<COMMA> the opponent suggests that it must be outside both boxes. However<COMMA> this contradicts the answer to Question 2<COMMA> which states that the block is either in Box A or Box B.<NEWLINE><NEWLINE>Therefore<COMMA> the only possible conclusion is that the block is in Box A.<NEWLINE><NEWLINE>**ANSWER: A**
97,97,188.703398,B,0,2,2,False,True,False,True,True,False,Since the opponent is unsure after your first question<COMMA> the block must be in the other box. Therefore<COMMA> the block is in **Box B**.<NEWLINE><NEWLINE>**ANSWER: B**
98,98,190.052807,A,2,0,2,True,False,True,False,True,False,Since the opponent is unsure which box the block is in<COMMA> it means that both options are equally likely. Therefore<COMMA> I would guess that the block is in **Box A**.<NEWLINE><NEWLINE>**ANSWER: A**
99,99,210.458246,A,4,1,5,False,False,True,False,True,False,Based on the opponent's responses<COMMA> the block is definitely not in Box A. From question 3<COMMA> we know that if the block were in Box A<COMMA> the opponent would be able to answer question 4. Similarly<COMMA> from question 4<COMMA> we know that the block cannot be in Box B either. Therefore<COMMA> the block must be in Box A.<NEWLINE><NEWLINE>**ANSWER: A**
